"inds","mw","rate_with_this_mw","importance_sampling_scenario_weights_basic","importance_sampling_scenario_weights_self_normalised","importance_sampling_scenario_rates_basic","importance_sampling_scenario_rates_self_normalised"
4292,7.2,0.0811449130935438,0.0843499737123455,0.0411913800004372,0.00684457128633098,0.00334247095033861
1004,7.2,0.0811449130935438,0.324967447801656,0.158694271510023,0.0263694553100961,0.012877232870124
4337,7.2,0.0811449130935438,0.0937646895527184,0.045788952716932,0.00760852758499845,0.00371554058885983
4774,7.2,0.0811449130935438,0.0286983142268508,0.0140145054546371,0.00232872221386902,0.00113720582716552
2948,7.2,0.0811449130935438,1.01557078921836,0.495942801816366,0.0824084034314657,0.0402432355527576
3175,7.2,0.0811449130935438,0.500406683170792,0.244368088501605,0.0406054568173224,0.0198292273042981
11726,7.3,0.0655884465562588,0.0444486754374836,0.0258220455205502,0.00291531957342789,0.00169362785259789
11923,7.3,0.0655884465562588,0.0187592992984099,0.0108980408448497,0.00123039329946662,0.000714785569520351
11495,7.3,0.0655884465562588,0.0931252003002367,0.05410022093111,0.00610793722293296,0.0035483494492219
10654,7.3,0.0655884465562588,0.592242983865853,0.344058065579925,0.0388442972956047,0.0225662340465387
9822,7.3,0.0655884465562588,0.663342076723795,0.385362423790325,0.0435075763477163,0.0252753227375621
11172,7.3,0.0655884465562588,0.309427790277149,0.17975920333324,0.020294888085614,0.0117901269008179
18951,7.4,0.0530698598229807,0.0136254416504213,0.010587633880685,0.000723100278414062,0.000561884245904992
17340,7.4,0.0530698598229807,0.400662666534565,0.31133446766445,0.021263111549291,0.0165224765570147
15336,7.4,0.0530698598229807,0.260610848406504,0.202507362260616,0.0138305811932812,0.0107470373282924
14819,7.4,0.0530698598229807,0.517453849813343,0.402086923311231,0.0274612032744558,0.0213386966567806
19131,7.4,0.0530698598229807,0.0616950141307003,0.047940040303893,0.00327414575169308,0.00254417121883565
19140,7.4,0.0530698598229807,0.0328725437281224,0.0255435725791248,0.00174454128767626,0.00135559381615229
26036,7.5,0.0429928620295217,0.0236229477485766,0.0262890397461824,0.00101561813328515,0.00113024105869623
26174,7.5,0.0429928620295217,0.0358988156728115,0.0399503653019037,0.00154339282924441,0.00171758054345374
26028,7.5,0.0429928620295217,0.0151370314997723,0.0168454007929941,0.000650784306806233,0.000724231992125188
24895,7.5,0.0429928620295217,0.482487797125995,0.53694149479959,0.0207435312927658,0.0230846516038439
22494,7.5,0.0429928620295217,0.310703978719843,0.345770110182594,0.0133580532891257,0.0148656466410128
26032,7.5,0.0429928620295217,0.030734846450721,0.0342035891767362,0.00132137901295438,0.00147051019038986
33569,7.6,0.0348488567545037,0.179095846162162,0.158230294960931,0.00624128548823182,0.00551414488331634
33591,7.6,0.0348488567545037,0.0941588106871217,0.0831888438925804,0.00328132690580994,0.0028990361043853
33898,7.6,0.0348488567545037,0.134348141390097,0.11869591894588,0.00468187913453729,0.00413641707668916
33051,7.6,0.0348488567545037,0.0316447044491365,0.0279579399870872,0.00110278177238656,0.000974302245761014
31364,7.6,0.0348488567545037,0.659796200934632,0.582926682696256,0.0229931432935367,0.0203143284636599
33357,7.6,0.0348488567545037,0.0328245407379166,0.0290003195172649,0.00114389771820803,0.001010627980692
41101,7.7,0.0282833422858394,0.419179752185822,0.260516721115222,0.0118558044103649,0.00736828359448639
36321,7.7,0.0282833422858394,0.657669129657163,0.408735880832894,0.0186010811049236,0.0115604168221008
39992,7.7,0.0282833422858394,0.0661048452148493,0.04108361015865,0.00186966596396401,0.00116198180845509
36929,7.7,0.0282833422858394,0.202310276538107,0.125734150127216,0.00572201079927009,0.00355618200506717
37931,7.7,0.0282833422858394,0.23781165771393,0.14779796253886,0.00672610851468596,0.00418022036363624
40430,7.7,0.0282833422858394,0.0259563823585486,0.0161316752271576,0.000734133246748952,0.000456257692093693
47431,7.8,0.0229736874403182,0.0181771799388683,0.0234624482646452,0.000417596850461982,0.000539018953016595
47400,7.8,0.0229736874403182,0.0112390013763683,0.0145068976170203,0.000258201304761992,0.000333276931582121
47252,7.8,0.0229736874403182,0.0410050675189734,0.0529278622144782,0.000942037604650038,0.00121594816339965
45742,7.8,0.0229736874403182,0.587582523805334,0.758430329256598,0.013498937247297,0.0174239413295987
47487,7.8,0.0229736874403182,0.031928805260388,0.0412125502466927,0.00073352239239494,0.000946804247985926
46830,7.8,0.0229736874403182,0.0848024256188141,0.109459912400566,0.00194822442034746,0.00251469781473521
54579,7.9,0.0186828521074902,0.0154417957279071,0.0100455265881419,0.000288496785858563,0.000187679087588116
51587,7.9,0.0186828521074902,0.248948257948945,0.161951134982192,0.00465106348567746,0.00302570910351248
50354,7.9,0.0186828521074902,0.470997768728411,0.306403522756483,0.00879958165611079,0.00572449170087338
50680,7.9,0.0186828521074902,0.353068098757325,0.229685396438806,0.00659631907295584,0.00429117829291647
54539,7.9,0.0186828521074902,0.0125212526789402,0.00814559258000134,0.000233932712001156,0.000152182901500035
52244,7.9,0.0186828521074902,0.436204136905807,0.283768826654376,0.0081495373784866,0.00530161102109973
58983,8,0.0152155729194441,0.390436186469707,0.195952690021638,0.00594071026561951,0.00298153244378546
60548,8,0.0152155729194441,0.00836419595114312,0.00419783501963324,0.000127266033407137,6.38724648450256e-05
58971,8,0.0152155729194441,0.462608582075591,0.2321746785421,0.0070388546137318,0.00353267075140582
60967,8,0.0152155729194441,0.230509266589849,0.115688331226697,0.00350733055440544,0.00176026423970861
60273,8,0.0152155729194441,0.0496221793741374,0.0249044526866694,0.000755029888688923,0.000378935515872865
60401,8,0.0152155729194441,0.024569030456599,0.0123307412991743,0.000373831874472425,0.000187619293388387
58911,8,0.0152155729194441,0.420567212695984,0.211074893973934,0.00639917109230311,0.00321162544072433
60091,8,0.0152155729194441,0.0772064875671155,0.0387485060303759,0.0011747409414316,0.000589580719024705
60392,8,0.0152155729194441,0.0154042893799795,0.00773112750939371,0.000234385088333296,0.0001176335343687
60348,8,0.0152155729194441,0.00989808719549846,0.00496766662322971,0.000150605067486123,7.55858937452403e-05
59193,8,0.0152155729194441,0.303316786890446,0.152229077067154,0.00461513868862308,0.00231625262257497
65953,8.1,0.0124000717412528,0.0239087501785404,0.0324760728217555,0.000296470217457592,0.00040270563286392
65624,8.1,0.0124000717412528,0.00641375254660639,0.00871201937403091,7.95309917085623e-05,0.000108029665249168
62907,8.1,0.0124000717412528,0.171254438160381,0.232620758643307,0.00212356731919667,0.00288451409568167
65255,8.1,0.0124000717412528,0.0351302544895401,0.0477186257972251,0.000435617675958766,0.000591714383279589
65708,8.1,0.0124000717412528,0.00590381980842745,0.00801936030086193,7.32077891719299e-05,9.94406430496429e-05
65863,8.1,0.0124000717412528,0.00976436031986362,0.0132632644716985,0.000121078768473751,0.000164465430972272
65990,8.1,0.0124000717412528,0.0434835331578,0.0590651698158378,0.000539198930719866,0.000732412343125671
65567,8.1,0.0124000717412528,0.0291122355830723,0.0395441449569605,0.00036099380977835,0.000490350234412812
66014,8.1,0.0124000717412528,0.0419021904377817,0.0569171779321984,0.000519590167544131,0.000705777089668913
65645,8.1,0.0124000717412528,0.0150020673422925,0.0203778210005503,0.000186026711311533,0.000252686442337233
65527,8.1,0.0124000717412528,0.0408207296888784,0.0554481928211834,0.000506179976672381,0.000687561568905495
62350,8.1,0.0124000717412528,0.242146741473798,0.328916198083507,0.0030026369661857,0.00407858445309561
65879,8.1,0.0124000717412528,0.0256880417490397,0.034892945396991,0.00031853356058039,0.000432675026186307
66079,8.1,0.0124000717412528,0.0393504486327222,0.0534510597928316,0.00048794838609624,0.000662796976077108
65812,8.1,0.0124000717412528,0.00631449083037806,0.00857718879106147,7.83001393061712e-05,0.000106357756347432
70806,8.2,0.0101193943440089,0.0220334596587546,0.0336088796412135,0.000222965267049749,0.00034010150654977
70771,8.2,0.0101193943440089,0.0228142931252925,0.0347999289999226,0.000230866828814645,0.000352154204693726
70586,8.2,0.0101193943440089,0.0178422249296727,0.0272157527451467,0.000180552510037864,0.000275406934397181
71077,8.2,0.0101193943440089,0.00278179469005981,0.00424322845221627,2.81500774527852e-05,4.29389019996948e-05
71566,8.2,0.0101193943440089,0.0553462271934646,0.0844227242180425,0.000560070298423775,0.000854306837957879
71050,8.2,0.0101193943440089,0.0149394941968062,0.0227880537209038,0.000151178633077514,0.000230601301934284
70762,8.2,0.0101193943440089,0.00768491739633758,0.0117222382606425,7.77667096346738e-05,0.00011862195155387
70984,8.2,0.0101193943440089,0.00834433689086938,0.0127280880349417,8.4439635537968e-05,0.000128800542070836
68063,8.2,0.0101193943440089,0.03605166479097,0.0549916391520318,0.000364821012777845,0.000556482082202847
71038,8.2,0.0101193943440089,0.00791090877157666,0.0120669556608146,8.0053605479063e-05,0.000122110282863453
71212,8.2,0.0101193943440089,0.00939147193819734,0.014325342225559,9.5036008013312e-05,0.000144963787093313
70896,8.2,0.0101193943440089,0.00602235664805745,0.00918624051219312,6.09426018019567e-05,9.29591902817921e-05
71037,8.2,0.0101193943440089,0.00269603926169246,0.00411242085707613,2.72822844559965e-05,4.16152083612802e-05
69434,8.2,0.0101193943440089,0.24111812996231,0.367791092943402,0.00243996944057859,0.0037218231057083
71016,8.2,0.0101193943440089,0.0207883774131,0.0317096854163523,0.000210365788815246,0.000320882811252536
70666,8.2,0.0101193943440089,0.00980816541582521,0.0149609483062096,9.92526936340049e-05,0.000151395735670866
70690,8.2,0.0101193943440089,0.0155565144200929,0.0237292294936516,0.00015742250403518,0.000240125430725747
70866,8.2,0.0101193943440089,0.0122038405161387,0.0186152067546279,0.0001234954746942,0.000188374617945337
70896,8.2,0.0101193943440089,0.00602235664805745,0.00918624051219312,6.09426018019567e-05,9.29591902817921e-05
70861,8.2,0.0101193943440089,0.00707732962514681,0.0107954503394678,7.16182893793969e-05,0.000109243419106239
71039,8.2,0.0101193943440089,0.00405023251156882,0.00617804825517538,4.09858999694903e-05,6.25181065704355e-05
70677,8.2,0.0101193943440089,0.0269977256149674,0.0411811546998439,0.000273200631889204,0.000416728343949354
71086,8.2,0.0101193943440089,0.0296163364310912,0.0451754695786386,0.000299699387371048,0.000457148391342019
71080,8.2,0.0101193943440089,0.00461837083228632,0.00704466170291729,4.67351156787736e-05,7.1287709791957e-05
70992,8.2,0.0101193943440089,0.00426531201888686,0.00650612116731432,4.31623743193567e-05,6.58380057419568e-05
71078,8.2,0.0101193943440089,0.0025026193777009,0.00381738659092052,2.53249923759135e-05,3.86296402770564e-05
70659,8.2,0.0101193943440089,0.040017914207962,0.0610415832528327,0.000404957054695083,0.000617703852318061
71354,8.2,0.0101193943440089,0.0170820588418748,0.0260562285057482,0.000172860089628494,0.00026367325136727
76126,8.3,0.00826745667040712,0.00969773750884161,0.012940464314736,8.01756246553299e-05,0.00010698472801703
76130,8.3,0.00826745667040712,0.0128396189716868,0.0171329272385893,0.000106150993512958,0.000141645733582275
76107,8.3,0.00826745667040712,0.0108063177918113,0.0144197313683875,8.93407641104498e-05,0.000119214504287054
76205,8.3,0.00826745667040712,0.00365607656104199,0.00487859443782346,3.02264545521057e-05,4.03335681271946e-05
75871,8.3,0.00826745667040712,0.0425824920428635,0.056821214042019,0.00035204890788233,0.000469766925052321
76262,8.3,0.00826745667040712,0.00691569191292803,0.00922815907621359,5.71751832360174e-05,7.62934053102201e-05
76100,8.3,0.00826745667040712,0.0064258015222476,0.00857445927118665,5.31250356578182e-05,7.08889704967063e-05
73605,8.3,0.00826745667040712,0.0854359667507488,0.114004021858197,0.000706338153206159,0.000942523310964792
76230,8.3,0.00826745667040712,0.0245079358876458,0.032702892761613,0.000202618298032227,0.000270369748903606
74733,8.3,0.00826745667040712,0.0783602833008828,0.104562373318847,0.000647840246870875,0.000864464890768498
74003,8.3,0.00826745667040712,0.0418090443613429,0.0557891411370856,0.000345654462688532,0.000461234307030083
73841,8.3,0.00826745667040712,0.0569475637044866,0.0759896744222242,0.000470811515412093,0.000628241340684083
76306,8.3,0.00826745667040712,0.0288352541228297,0.0384771784803024,0.000238394214040673,0.000318108405885422
76037,8.3,0.00826745667040712,0.0167366812900903,0.0223330881851631,0.000138369787372235,0.000184637838887217
76345,8.3,0.00826745667040712,0.00553392508796674,0.00738435743965708,4.5751485882044e-05,6.10498551711634e-05
75729,8.3,0.00826745667040712,0.0472239288527465,0.0630146532181808,0.00039042178559647,0.00052097091508204
75848,8.3,0.00826745667040712,0.0219783886285627,0.0293275161844722,0.000181705375672011,0.000242463969305788
76162,8.3,0.00826745667040712,0.00162000444988875,0.00216170109310403,1.33933165953219e-05,1.78717701216093e-05
74812,8.3,0.00826745667040712,0.0845183949711943,0.112779632678896,0.000698752168276704,0.0009324007264772
76153,8.3,0.00826745667040712,0.00374058562446112,0.00499136161866848,3.09251295721801e-05,4.12658659086748e-05
76053,8.3,0.00826745667040712,0.00314288914485413,0.00419380755429563,2.59836998249744e-05,3.46721222391652e-05
76149,8.3,0.00826745667040712,0.00477822913196284,0.0063759720773452,3.95038023097798e-05,5.27130728811771e-05
76326,8.3,0.00826745667040712,0.00952596072312181,0.012711248854565,7.87554675224096e-05,0.000105089699131878
73511,8.3,0.00826745667040712,0.0269853903281955,0.0360087577378601,0.00022310054527238,0.000297700844352946
75344,8.3,0.00826745667040712,0.0676182593326937,0.0902284343251736,0.000559031029161397,0.000745959671222048
76006,8.3,0.00826745667040712,0.0219139100454109,0.0292414772703873,0.000181172301779634,0.000241752646311622
76097,8.3,0.00826745667040712,0.00515570547718206,0.00687966885925053,4.26245716379833e-05,5.6877364200603e-05
75725,8.3,0.00826745667040712,0.0201198284590875,0.0268474911757569,0.00016633981000153,0.000221960470004708
81331,8.4,0.00674481275820069,0.00260667452614309,0.00277745535579161,1.75815316004066e-05,1.87334163190761e-05
80129,8.4,0.00674481275820069,0.106607281553992,0.113591843611037,0.000719046152742457,0.000766155716015258
79397,8.4,0.00674481275820069,0.0509507039542471,0.0542888282214749,0.000343652958069912,0.00036616798121597
81270,8.4,0.00674481275820069,0.0129668996145312,0.0138164486671379,8.74593099543978e-05,9.31893592431366e-05
81200,8.4,0.00674481275820069,0.00560156749693907,0.00596856396499255,3.77815239192769e-05,4.02568463792186e-05
79469,8.4,0.00674481275820069,0.0629437395886004,0.0670676085105971,0.000424543737826054,0.000452358461544284
81448,8.4,0.00674481275820069,0.00533768169938065,0.00568738922898496,3.60016636251969e-05,3.83603754325109e-05
81347,8.4,0.00674481275820069,0.0168847540668614,0.0179909881896986,0.000113884504649248,0.000121345846674517
81534,8.4,0.00674481275820069,0.0072467312307674,0.00772151347128806,4.88778452605313e-05,5.20801625737622e-05
81241,8.4,0.00674481275820069,0.00366399057026393,0.00390404330532476,2.47129303442431e-05,2.63320410943224e-05
81479,8.4,0.00674481275820069,0.0160368074981602,0.0170874869220705,0.000108165263814399,0.000115251899797568
81368,8.4,0.00674481275820069,0.00401562871791752,0.00427871963975237,2.70846638088071e-05,2.88591628149656e-05
81340,8.4,0.00674481275820069,0.00250150714773584,0.00266539775309429,1.68721973247789e-05,1.79776087707498e-05
81397,8.4,0.00674481275820069,0.00574658118132393,0.00612307847392655,3.87596140678296e-05,4.12990178104038e-05
81976,8.4,0.00674481275820069,0.0808215723613915,0.0861167386903462,0.000545126372400953,0.000580841277813282
80805,8.4,0.00674481275820069,0.0110997527080054,0.0118269723732743,7.48657536778277e-05,7.97707141541475e-05
80964,8.4,0.00674481275820069,0.0102832845812014,0.0109570119125871,6.93588290394953e-05,7.3902993739774e-05
81565,8.4,0.00674481275820069,0.00568282138668753,0.00605514134509787,3.83295661915058e-05,4.08407945971246e-05
81248,8.4,0.00674481275820069,0.00942334508670041,0.0100407319817004,6.35586981657046e-05,6.77228571718465e-05
79205,8.4,0.00674481275820069,0.0510547508036615,0.0543996918817673,0.000344354734587293,0.00036691573584633
81813,8.4,0.00674481275820069,0.0249341679152918,0.0265677734308488,0.000168176293870178,0.000179194657193374
80343,8.4,0.00674481275820069,0.0660156864267432,0.0703408193057059,0.000445263444052473,0.000474435655475415
81245,8.4,0.00674481275820069,0.00482584353663048,0.00514201709595827,3.25494110549456e-05,3.46819425117054e-05
81450,8.4,0.00674481275820069,0.00962400139351406,0.0102545346365557,6.49120873839148e-05,6.91649160460514e-05
81651,8.4,0.00674481275820069,0.00657218455827226,0.00700277269661023,4.43281542578843e-05,4.72323906268761e-05
78628,8.4,0.00674481275820069,0.0369539383910467,0.0393750401411533,0.000249247395125694,0.000265577273098715
80823,8.4,0.00674481275820069,0.0377791126514779,0.0402542771330025,0.000254813041005189,0.000271507561978822
80982,8.4,0.00674481275820069,0.0223419551929233,0.0238057273691387,0.000150692304428377,0.000160565173677614
78156,8.4,0.00674481275820069,0.0642880510764483,0.0684999949110964,0.000433610867100286,0.000462019639613045
82089,8.4,0.00674481275820069,0.0393425515536704,0.041920147462726,0.000265358143659365,0.000282743545432249
81215,8.4,0.00674481275820069,0.00356923545458232,0.00380308014291264,2.40738248310891e-05,2.56510634683768e-05
79824,8.4,0.00674481275820069,0.0808285359854604,0.086124158548396,0.000545173340741417,0.00058089132336652
81173,8.4,0.00674481275820069,0.0189058823817384,0.0201445342525449,0.000127516636693391,0.000135871111634575
80407,8.4,0.00674481275820069,0.0510545419769473,0.0543994693734066,0.000344353326090207,0.000366914235069101
86433,8.5,0.00551977315265323,0.00833670205787911,0.00730627125509859,4.601670420075e-05,4.03289599198952e-05
86691,8.5,0.00551977315265323,0.00413279527390675,0.0036219746253753,2.28120923983226e-05,1.99924782967378e-05
86310,8.5,0.00551977315265323,0.0491770555770377,0.043098686396417,0.000271446191100668,0.000237894972085564
83732,8.5,0.00551977315265323,0.0817840420709199,0.0716753929263668,0.000451429359738525,0.00039563190958083
85872,8.5,0.00551977315265323,0.0227857380436112,0.0199693813858805,0.000125772105116514,0.000110226455248876
86451,8.5,0.00551977315265323,0.00394536147234699,0.00345770796608217,2.17775003325733e-05,1.90857636008956e-05
85938,8.5,0.00551977315265323,0.0371880305495366,0.0325915256118593,0.00020526949262738,0.000179897828076351
84825,8.5,0.00551977315265323,0.207519446684467,0.181869683917961,0.00114546027046238,0.00100387939857189
85609,8.5,0.00551977315265323,0.0866864942708562,0.0759718935496602,0.0004784897837739,0.000419347618371643
85335,8.5,0.00551977315265323,0.0966104877991777,0.0846692643023109,0.000533267976818633,0.000467355131950796
86949,8.5,0.00551977315265323,0.0647223693679902,0.0567225724983535,0.000357252796813538,0.000313095732825838
86180,8.5,0.00551977315265323,0.0367445296884462,0.0322028422247718,0.000202821468481155,0.000177752383951423
86522,8.5,0.00551977315265323,0.0135698187792352,0.0118925656926795,7.49023213839921e-05,6.56442648266169e-05
85412,8.5,0.00551977315265323,0.0869120702388754,0.0761695879376253,0.000479734911946056,0.000420438846546763
86816,8.5,0.00551977315265323,0.0308803238747712,0.0270634623989159,0.000170452382669199,0.000149384173167376
85421,8.5,0.00551977315265323,0.0530782741739246,0.0465177076228446,0.000292980032774396,0.00025676719365955
86442,8.5,0.00551977315265323,0.0136606800873987,0.0119721963858992,7.54038551934079e-05,6.60838081891785e-05
86414,8.5,0.00551977315265323,0.00840516729863635,0.00736627407360465,4.63946167985717e-05,4.06601618665685e-05
86880,8.5,0.00551977315265323,0.0117957110385761,0.0103377407392346,6.51096491071876e-05,5.70619837915165e-05
86454,8.5,0.00551977315265323,0.00249525130473614,0.00218683392491046,1.37732211610055e-05,1.20708271880321e-05
86720,8.5,0.00551977315265323,0.0104669455472719,0.00917321296236535,5.77751650221144e-05,5.06340546332348e-05
85393,8.5,0.00551977315265323,0.0507636821863882,0.0444892032108588,0.000280204010062246,0.000245570309466232
86520,8.5,0.00551977315265323,0.00231923640181283,0.0020325747686195,1.28016588253825e-05,1.12193516385863e-05
87048,8.5,0.00551977315265323,0.0112274668728598,0.00983973253586756,6.1973070217115e-05,5.43130914807702e-05
86304,8.5,0.00551977315265323,0.0154084009490812,0.013503895924277,8.50508778840547e-05,7.45384421790476e-05
86559,8.5,0.00551977315265323,0.00599948042098551,0.00525793425758155,3.31157709576245e-05,2.90226043534143e-05
84301,8.5,0.00551977315265323,0.0330197187590526,0.0289384243728246,0.000182261357114379,0.000159733537933203
86387,8.5,0.00551977315265323,0.00763728177948011,0.00669330053360447,4.2156062925622e-05,3.69455005880295e-05
86570,8.5,0.00551977315265323,0.00529053505440436,0.00463661576528978,2.9202553356472e-05,2.55930672204152e-05
86331,8.5,0.00551977315265323,0.00383294773147126,0.00335918875813445,2.11570019836981e-05,1.8541959921845e-05
85764,8.5,0.00551977315265323,0.0534064065709058,0.0468052822876564,0.000294791249169769,0.000258354540573761
86532,8.5,0.00551977315265323,0.00270877369643839,0.00237396457945264,1.49518163262138e-05,1.31037459510124e-05
86631,8.5,0.00551977315265323,0.00867605500999749,0.00760367959501306,4.78898555151266e-05,4.19705864899302e-05
86583,8.5,0.00551977315265323,0.0028716144629101,0.00251667794535805,1.58506604171419e-05,1.38914913566619e-05
86440,8.5,0.00551977315265323,0.00697485068313589,0.00611274706724555,3.84995935445385e-05,3.37409771507418e-05
89051,8.6,0.00450731895103042,0.0500805531621731,0.0480926531429228,0.000225729026345949,0.000216768926916429
90586,8.6,0.00450731895103042,0.00902887186869425,0.0086704793704432,4.06960052801911e-05,3.9080615980917e-05
90562,8.6,0.00450731895103042,0.00654302228462964,0.0062833032259473,2.94914883405256e-05,2.83208517053829e-05
90493,8.6,0.00450731895103042,0.00342340685792346,0.00328751797233687,1.54303866078059e-05,1.48178920585671e-05
90788,8.6,0.00450731895103042,0.0705016275911913,0.0677031324070055,0.000317773322120266,0.000305159611742218
90422,8.6,0.00450731895103042,0.0245474180552025,0.0235730315969208,0.000110643042599081,0.00010625117205004
91057,8.6,0.00450731895103042,0.0531525014508569,0.0510426633603071,0.00023957527708412,0.000230065563874978
90469,8.6,0.00450731895103042,0.0020761492584825,0.00199373848443336,9.35786689792594e-06,8.98641525428516e-06
90461,8.6,0.00450731895103042,0.00483068353224392,0.00463893413491512,2.17734314313136e-05,2.09091557388848e-05
91136,8.6,0.00450731895103042,0.0246513895052661,0.023672875998968,0.000111111675086318,0.000106701202615542
90394,8.6,0.00450731895103042,0.00902770206981562,0.00866935600562064,4.06907326235365e-05,3.90755526173633e-05
89439,8.6,0.00450731895103042,0.146032482574891,0.140235861799123,0.000658214976175827,0.000632087757501272
90460,8.6,0.00450731895103042,0.00411576524279531,0.00395239384833631,1.85510666768436e-05,1.78146996945423e-05
90592,8.6,0.00450731895103042,0.00131319575418509,0.00126106969526216,5.91899210925112e-06,5.68404333602531e-06
90283,8.6,0.00450731895103042,0.0286463242027825,0.027509235555823,0.000129118119956563,0.000123992898749121
90538,8.6,0.00450731895103042,0.0137684830650907,0.0132219561994327,6.20589446462248e-05,5.95955737473973e-05
90505,8.6,0.00450731895103042,0.00903768823573996,0.00867894578016789,4.07357434584554e-05,3.91187767899163e-05
90528,8.6,0.00450731895103042,0.00831065697934175,0.00798077333936442,3.74587816985003e-05,3.59718909163956e-05
90370,8.6,0.00450731895103042,0.00560094445573165,0.00537862028220837,2.52452430889881e-05,2.42431571283944e-05
90903,8.6,0.00450731895103042,0.0121394278294804,0.0116575647650337,5.47162731104833e-05,5.2544362588301e-05
90872,8.6,0.00450731895103042,0.0401923218151847,0.038596925752937,0.000181159613803496,0.000173968654897727
88815,8.6,0.00450731895103042,0.0331289897964523,0.0318139659938827,0.000149322923538043,0.000143395691831665
90703,8.6,0.00450731895103042,0.0219300129566063,0.0210595219091646,9.88455629956542e-05,9.49219822008182e-05
89719,8.6,0.00450731895103042,0.0310685031802962,0.0298352684380562,0.000140035653164698,0.000134477070839931
89950,8.6,0.00450731895103042,0.0450149825868789,0.0432281555831668,0.000202896884094144,0.0001948430848781
90559,8.6,0.00450731895103042,0.00203127260685498,0.00195064316889343,9.15559351558641e-06,8.79217092185139e-06
90407,8.6,0.00450731895103042,0.0169596447827722,0.0162864477819129,7.64425283321333e-05,7.34082147323832e-05
90179,8.6,0.00450731895103042,0.0347594626295473,0.0333797187555799,0.000156671984637793,0.000150453038927091
90543,8.6,0.00450731895103042,0.00298782921654474,0.00286923017196446,1.34670992501745e-05,1.29325355289637e-05
90473,8.6,0.00450731895103042,0.00563938346050744,0.00541553348717747,2.54184999436727e-05,2.44095367166949e-05
88811,8.6,0.00450731895103042,0.0310440989228758,0.0298118328844686,0.000139925655392741,0.000134371439325117
90983,8.6,0.00450731895103042,0.0147427816502359,0.0141575809270849,6.64504191230121e-05,6.38127328133968e-05
90508,8.6,0.00450731895103042,0.00510627007399556,0.00490358153049001,2.30155878735997e-05,2.21020059603004e-05
90345,8.6,0.00450731895103042,0.011253704177315,0.0108069990724757,5.07240341077022e-05,4.87105917231377e-05
89493,8.6,0.00450731895103042,0.114041837565545,0.109515055076586,0.000514022935669513,0.000493619283169837
90385,8.6,0.00450731895103042,0.0279390977861497,0.02683008182047,0.000125930424926205,0.000120931736247101
90391,8.6,0.00450731895103042,0.00927721319374596,0.00890896302233279,4.18153588409206e-05,4.01555378645899e-05
88323,8.6,0.00450731895103042,0.0633290999875426,0.0608153114781252,0.000285444452525551,0.000274114005938172
90589,8.6,0.00450731895103042,0.00387569818275588,0.0037218560223636,1.74690078676097e-05,1.67755921826062e-05
90151,8.6,0.00450731895103042,0.0401842977113583,0.0385892201582951,0.000181123446608254,0.000173933923324969
93820,8.7,0.00367627087010283,0.0118102553743855,0.0188360708772286,4.34176978013289e-05,6.92464986731479e-05
94082,8.7,0.00367627087010283,0.00610290318829742,0.0097334658199646,2.24359252141955e-05,3.57828568590774e-05
93968,8.7,0.00367627087010283,0.00781418397148153,0.0124627722660221,2.8727056907982e-05,4.58165266423024e-05
94275,8.7,0.00367627087010283,0.0283216591775838,0.0451699614207062,0.000104118090627532,0.000166057013374611
93922,8.7,0.00367627087010283,0.00328043540745117,0.00523193714988872,1.20597691296666e-05,1.92340181383447e-05
93954,8.7,0.00367627087010283,0.00296368300630109,0.00472675157265427,1.08953015042835e-05,1.73768191167616e-05
93888,8.7,0.00367627087010283,0.00430411028963406,0.00686458708207012,1.58230752794915e-05,2.52360815250986e-05
93953,8.7,0.00367627087010283,0.00662630166142303,0.0105682293728518,2.43600797744035e-05,3.88516737919802e-05
93744,8.7,0.00367627087010283,0.00646467663576763,0.0103104550621132,2.37659024007069e-05,3.79040256023511e-05
93996,8.7,0.00367627087010283,0.0062773834362163,0.0100117428099444,2.3077361867028e-05,3.680587845116e-05
93770,8.7,0.00367627087010283,0.0140736350895399,0.0224459149818018,5.17384947161325e-05,8.25172634004025e-05
93822,8.7,0.00367627087010283,0.00449666488788079,0.00717169069205455,1.65309581399304e-05,2.63650775805878e-05
93949,8.7,0.00367627087010283,0.00236498041454784,0.00377188615313903,8.69430860636594e-06,1.38664751901293e-05
93136,8.7,0.00367627087010283,0.0571235651032425,0.0911058640931921,0.000210001698385473,0.00033492983426135
93049,8.7,0.00367627087010283,0.0623686078925984,0.0994711360202224,0.000229283896404425,0.00036568283976718
93935,8.7,0.00367627087010283,0.00518620518395088,0.00827143235535937,1.90658950441349e-05,3.04080258220337e-05
94081,8.7,0.00367627087010283,0.0190010613757447,0.0303046231830292,6.98530484366863e-05,0.000111408003437213
94351,8.7,0.00367627087010283,0.0199659118796818,0.031843454639418,7.34001002383144e-05,0.000117065164694333
93805,8.7,0.00367627087010283,0.00601939447262193,0.00960027851473991,2.2128924555358e-05,3.52932242486124e-05
93744,8.7,0.00367627087010283,0.00646467663576763,0.0103104550621132,2.37659024007069e-05,3.79040256023511e-05
93958,8.7,0.00367627087010283,0.00563802287493461,0.00899203235774485,2.07268992600955e-05,3.30571466197995e-05
93806,8.7,0.00367627087010283,0.011256895339204,0.0179535218964581,4.13833964233122e-05,6.60020095637021e-05
93704,8.7,0.00367627087010283,0.00925384595344858,0.0147588763105118,3.4019644315082e-05,5.42576270557851e-05
93826,8.7,0.00367627087010283,0.00468654199694838,0.00747452399844666,1.72289978248949e-05,2.7478374843374e-05
94137,8.7,0.00367627087010283,0.0102985075627876,0.0164249977865052,3.78601033586099e-05,6.03827409040324e-05
93879,8.7,0.00367627087010283,0.0054054096709321,0.00862103963500717,1.98717501142198e-05,3.16932768801788e-05
94001,8.7,0.00367627087010283,0.00791718125944336,0.0126270417212295,2.91057028374157e-05,4.64204256553293e-05
91765,8.7,0.00367627087010283,0.0587707677917516,0.0937329729580191,0.000216057261646394,0.000344587798053702
94610,8.7,0.00367627087010283,0.0515601476876384,0.0822328193165986,0.000189549069002265,0.000302310118220041
93994,8.7,0.00367627087010283,0.00271558533729514,0.00433106281489831,9.9832272707765e-06,1.59221600629962e-05
93757,8.7,0.00367627087010283,0.0210906505082068,0.0336372902385364,7.753494409484e-05,0.000123659790253126
93786,8.7,0.00367627087010283,0.0025540552454864,0.00407343991330436,9.38939889961499e-06,1.4975068494395e-05
93818,8.7,0.00367627087010283,0.00713354703232942,0.0113772304871936,2.62248511554612e-05,4.18257810225156e-05
93923,8.7,0.00367627087010283,0.00802268358665025,0.0127953064411687,2.94935579696544e-05,4.70390123437077e-05
93970,8.7,0.00367627087010283,0.00579178204729119,0.00923726148926844,2.12921596264411e-05,3.39586753325203e-05
93758,8.7,0.00367627087010283,0.0137609628827687,0.021947236870162,5.05890269904887e-05,8.06839875850234e-05
93969,8.7,0.00367627087010283,0.011365527424042,0.0181267782389066,4.17827573923605e-05,6.66389468085061e-05
94012,8.7,0.00367627087010283,0.00641367154388023,0.0102291074963379,2.35783938671743e-05,3.76049699159376e-05
94486,8.7,0.00367627087010283,0.0549404091969812,0.0876239682253377,0.000201975825922392,0.000322129441909625
92956,8.7,0.00367627087010283,0.0395202452830797,0.0630304864407964,0.000145287126513505,0.000231717141230711
93991,8.7,0.00367627087010283,0.00389467965235523,0.00621158981328802,1.43178973543358e-05,2.28354866876182e-05
93866,8.7,0.00367627087010283,0.00398065204929325,0.00634870642176728,1.46339551728319e-05,2.33395644811778e-05
97269,8.8,0.00299359515874931,0.00940184062019371,0.010811582376206,2.81453045639445e-05,3.23655006598296e-05
97785,8.8,0.00299359515874931,0.0401180427298311,0.0461334691011581,0.00012009717849452,0.000138104929757538
95386,8.8,0.00299359515874931,0.0254964816951753,0.0293195049019174,7.63261441678173e-05,8.77707279313067e-05
96267,8.8,0.00299359515874931,0.176860921324837,0.20338000794527,0.000529449997849976,0.000608837407171358
96911,8.8,0.00299359515874931,0.0355688066869211,0.0409021061996125,0.000106478607500457,0.00012244434710181
97192,8.8,0.00299359515874931,0.00257639170109097,0.00296270403157978,7.71267372342783e-06,8.8691364457443e-06
97080,8.8,0.00299359515874931,0.00391469164062076,0.00450167290212416,1.17190019433587e-05,1.34761862060719e-05
95700,8.8,0.00299359515874931,0.0522731796007225,0.0601111856869337,0.000156484737385156,0.000179948554459086
96804,8.8,0.00299359515874931,0.0462198819017769,0.0531502373616367,0.000138363614699124,0.000159110293252172
97145,8.8,0.00299359515874931,0.0114693813122289,0.0131891366670206,3.43346843701384e-05,3.94829356744759e-05
97341,8.8,0.00299359515874931,0.00888428236215217,0.0102164197939683,2.65959446683007e-05,3.05838248349741e-05
96778,8.8,0.00299359515874931,0.0454459282932812,0.0522602346981538,0.000136046710923635,0.000156445985587496
97007,8.8,0.00299359515874931,0.0106482603318595,0.0122448942065574,3.18765805785571e-05,3.66562560161477e-05
97432,8.8,0.00299359515874931,0.0124323216499189,0.0142964633283496,3.72173379032115e-05,4.27978234069845e-05
97402,8.8,0.00299359515874931,0.00261650798428187,0.00300883547731117,7.83276563457514e-06,9.0072353183519e-06
97210,8.8,0.00299359515874931,0.00291981965590553,0.00335762666149488,8.74075798633988e-06,1.00513749187387e-05
97469,8.8,0.00299359515874931,0.0196292250710628,0.0225724932393621,5.87619531427342e-05,6.75729064822561e-05
96260,8.8,0.00299359515874931,0.0629804399057587,0.072423926509485,0.000188537939997782,0.000216807915776411
97515,8.8,0.00299359515874931,0.0261687890818697,0.0300926201872123,7.83387603058171e-05,9.00851221065206e-05
97315,8.8,0.00299359515874931,0.00243637409773042,0.00280169174536849,7.29351770386801e-06,8.38713084524304e-06
97370,8.8,0.00299359515874931,0.0093677816734247,0.0107724165231017,2.80433458657847e-05,3.22482539515885e-05
97098,8.8,0.00299359515874931,0.0061373154157773,0.007057563924655,1.83726377163885e-05,2.1127489197411e-05
97138,8.8,0.00299359515874931,0.00539904267875087,0.00620859223550251,1.61625480249895e-05,1.85860116588489e-05
97082,8.8,0.00299359515874931,0.00763288453037509,0.0087773834084116,2.28497661774234e-05,2.62759324779075e-05
97315,8.8,0.00299359515874931,0.00243637409773042,0.00280169174536849,7.29351770386801e-06,8.38713084524304e-06
97795,8.8,0.00299359515874931,0.0196217926169817,0.0225639463395793,5.87397033841796e-05,6.75473205244441e-05
97168,8.8,0.00299359515874931,0.00256197568787003,0.00294612643568437,7.66951801604117e-06,8.8195098349281e-06
97050,8.8,0.00299359515874931,0.00907954639415734,0.0104409623332876,2.71804861291892e-05,3.12560142936137e-05
96515,8.8,0.00299359515874931,0.0578179740358439,0.0664873841587186,0.000173083607162396,0.000199036311335446
95304,8.8,0.00299359515874931,0.0262620743208798,0.030199892910372,7.86180185457005e-05,9.04062532112374e-05
97224,8.8,0.00299359515874931,0.00579954776152485,0.00666915031869313,1.73614981018362e-05,1.99647361070112e-05
97126,8.8,0.00299359515874931,0.0107631219689219,0.0123769785612206,3.22204298191929e-05,3.70516631008141e-05
97308,8.8,0.00299359515874931,0.0102462445591823,0.0117825989158354,3.06731081077297e-05,3.52723310719299e-05
97286,8.8,0.00299359515874931,0.00289419393354132,0.00332815853716874,8.66404494793093e-06,9.96315928441855e-06
97333,8.8,0.00299359515874931,0.0186111754176549,0.0214017939969981,5.57143246289258e-05,6.40683068979638e-05
97192,8.8,0.00299359515874931,0.00257639170109097,0.00296270403157978,7.71267372342783e-06,8.8691364457443e-06
97280,8.8,0.00299359515874931,0.0132475822564438,0.0152339666919556,3.96578981080234e-05,4.56043289375867e-05
97430,8.8,0.00299359515874931,0.00302589161466333,0.0034796033856538,9.05829448855628e-06,1.04165238496609e-05
97116,8.8,0.00299359515874931,0.0256378750989241,0.029482099280384,7.67494187767587e-05,8.82574696755241e-05
97339,8.8,0.00299359515874931,0.00707197924124375,0.00813237420397263,2.11706428193629e-05,2.43450360461503e-05
97046,8.8,0.00299359515874931,0.016593418859239,0.0190814886304524,4.96739783641174e-05,5.71222519858524e-05
97182,8.8,0.00299359515874931,0.00876244209444571,0.0100763104106824,2.62312042327539e-05,3.01643940634742e-05
100656,8.9,0.00241856179484699,0.0148047051660832,0.0159080119205734,3.58060942986627e-05,3.84745098630692e-05
99134,8.9,0.00241856179484699,0.0340466373956944,0.0365839310861087,8.23438964482353e-05,8.84804980301776e-05
100832,8.9,0.00241856179484699,0.0245790054932522,0.0264107328039374,5.94458436413141e-05,6.38759893335149e-05
100373,8.9,0.00241856179484699,0.00508206571403249,0.00546080189054889,1.22912899748608e-05,1.32072868217097e-05
98453,8.9,0.00241856179484699,0.0511366629417559,0.054947574742619,0.000123677179306898,0.000132894104991998
100383,8.9,0.00241856179484699,0.00977152645837234,0.0104997402945992,2.36330405695558e-05,2.53942707323331e-05
100386,8.9,0.00241856179484699,0.022488706700088,0.024164656455494,5.43903268403523e-05,5.84437148888605e-05
100499,8.9,0.00241856179484699,0.00201508555081795,0.00216525790981814,4.8736089265565e-06,5.2368100566764e-06
100565,8.9,0.00241856179484699,0.00220277635059278,0.00236693619025024,5.32755072413616e-06,5.7245814405799e-06
99759,8.9,0.00241856179484699,0.0801711344320336,0.0861458129644128,0.000193898842786858,0.000208348972021763
100604,8.9,0.00241856179484699,0.00937906704429875,0.0100780332111156,2.26838532246494e-05,2.43743460916033e-05
99075,8.9,0.00241856179484699,0.0227960090185055,0.0244948601907095,5.51335564871447e-05,5.92423330273684e-05
100423,8.9,0.00241856179484699,0.00456022377828354,0.00490007017442072,1.10291830061093e-05,1.18511225159232e-05
100605,8.9,0.00241856179484699,0.00432388599312169,0.0046461195376833,1.04575854682381e-05,1.1236927208133e-05
100551,8.9,0.00241856179484699,0.00939965050925945,0.0101001506394796,2.27336356066089e-05,2.44278384588448e-05
100820,8.9,0.00241856179484699,0.0188674774112515,0.0202735584533593,4.56321600319914e-05,4.90328539208919e-05
100457,8.9,0.00241856179484699,0.00288229304869984,0.00309709323238305,6.97100384913847e-06,7.49051136692082e-06
100670,8.9,0.00241856179484699,0.00179415396520805,0.00192786160519161,4.33927223432542e-06,4.6626524240688e-06
100407,8.9,0.00241856179484699,0.00756362509515644,0.00812729715497127,1.82930946856913e-05,1.96563703943821e-05
100819,8.9,0.00241856179484699,0.0185029404711349,0.0198818547399919,4.47505049158151e-05,4.80854942848419e-05
100569,8.9,0.00241856179484699,0.00991796859850849,0.0106570958977555,2.39872199348447e-05,2.57748449823321e-05
99551,8.9,0.00241856179484699,0.0369813845082696,0.0397373874722358,8.9441763692247e-05,9.61073271673807e-05
100619,8.9,0.00241856179484699,0.0043770407892567,0.00470323564510087,1.05861436273832e-05,1.13750660434035e-05
100519,8.9,0.00241856179484699,0.00295512028917032,0.00317534785458256,7.14714103056451e-06,7.67977500644272e-06
99988,8.9,0.00241856179484699,0.0663095455448246,0.0712512021780403,0.000160373733488379,0.000172325435424727
99760,8.9,0.00241856179484699,0.0912954430547694,0.0980991502442417,0.000220803670615894,0.000237258856887677
100684,8.9,0.00241856179484699,0.00161781829372942,0.00173838468333228,3.91279351621852e-06,4.20439077985463e-06
99998,8.9,0.00241856179484699,0.0672885929688252,0.0723032121922274,0.00016274162018341,0.000174869786652836
100454,8.9,0.00241856179484699,0.0151604449566662,0.0162902628850965,3.66664729650736e-05,3.93990074419084e-05
99797,8.9,0.00241856179484699,0.0776959608772701,0.0834861794240657,0.000187912482591692,0.000201916483952786
100568,8.9,0.00241856179484699,0.00869957666539738,0.00934790444960257,2.10404637542725e-05,2.26084845636889e-05
100758,8.9,0.00241856179484699,0.0113975946071527,0.0122469896456855,2.75657868700136e-05,2.96201012589417e-05
100349,8.9,0.00241856179484699,0.0143202558132256,0.015387459434474,3.46344236023028e-05,3.72155215079765e-05
100520,8.9,0.00241856179484699,0.00528498791942081,0.00567884668279925,1.2782069868139e-05,1.37346416258118e-05
100446,8.9,0.00241856179484699,0.00634308402239576,0.00681579640455388,1.53411406780707e-05,1.64844247855095e-05
101211,8.9,0.00241856179484699,0.0325945875735701,0.0350236686141117,7.88320242242311e-05,8.47069068254721e-05
100565,8.9,0.00241856179484699,0.00220277635059278,0.00236693619025024,5.32755072413616e-06,5.7245814405799e-06
100412,8.9,0.00241856179484699,0.0104162127245645,0.011192471199576,2.51922541426309e-05,2.70696832332198e-05
100233,8.9,0.00241856179484699,0.0330679712742485,0.0355323307906912,7.99769319569951e-05,8.59371377322309e-05
100564,8.9,0.00241856179484699,0.00824733101276968,0.00886195561426131,1.99466796969414e-05,2.14331872762822e-05
100511,8.9,0.00241856179484699,0.00568248364617254,0.00610596540543548,1.37434378464757e-05,1.47676546502436e-05
99856,8.9,0.00241856179484699,0.0724207718570325,0.0778178618942125,0.000175154111966749,0.000188207307734021
102794,9,0.00199647226670857,0.00309809841674441,0.00234333673922117,6.18526756856395e-06,4.67840681141436e-06
102487,9,0.00199647226670857,0.0548737774904273,0.0415053757227926,0.000109553974929175,8.28643315498748e-05
102614,9,0.00199647226670857,0.0277176791757622,0.0209650718606811,5.53375777719349e-05,4.18561845394022e-05
102229,9,0.00199647226670857,0.0890538710769353,0.0673584824602633,0.000177793583848142,0.000134479342159491
102336,9,0.00199647226670857,0.0621248393280593,0.0469899269916136,0.000124030518792196,9.38140860534171e-05
102896,9,0.00199647226670857,0.00434573580209858,0.00328702352028815,8.67614100733234e-06,6.56245129827408e-06
102785,9,0.00199647226670857,0.0018455517106183,0.00139593665076945,3.68459280702599e-06,2.78694880934326e-06
102683,9,0.00199647226670857,0.00450617491970063,0.0034083763077442,8.99645325612003e-06,6.80472877291787e-06
102255,9,0.00199647226670857,0.0422765377018828,0.0319770874509517,8.44039350542684e-05,6.38413682659397e-05
102594,9,0.00199647226670857,0.0212022354135405,0.0160369266933667,4.23296749953599e-05,3.2017279386545e-05
102495,9,0.00199647226670857,0.0336023240784527,0.0254160939854837,6.70861081195844e-05,5.07425267700767e-05
102716,9,0.00199647226670857,0.0125101665427529,0.00946242789285373,2.49762005545116e-05,1.88914748638121e-05
102798,9,0.00199647226670857,0.00297623307259793,0.00225116034591073,5.94196678870261e-06,4.49437919852486e-06
102817,9,0.00199647226670857,0.0171517758531117,0.0129732439364269,3.42430448155392e-05,2.59007217283214e-05
102693,9,0.00199647226670857,0.00693195973753683,0.0052431891252963,1.38394653699327e-05,1.0467881677762e-05
102256,9,0.00199647226670857,0.113987272834737,0.0862175852108516,0.000227572428972295,0.000172131017776048
102818,9,0.00199647226670857,0.00266379987146441,0.00201484241785149,5.31820256744055e-06,4.02257700902854e-06
102701,9,0.00199647226670857,0.00576626644542628,0.00436148313968181,1.15121910407458e-05,8.70758013009177e-06
101900,9,0.00199647226670857,0.0242752399012492,0.0183612829103672,4.84648432305413e-05,3.66577921117382e-05
102245,9,0.00199647226670857,0.0854772818143507,0.0646532252693295,0.000170653022575984,0.000129078371203478
102876,9,0.00199647226670857,0.00309051350307981,0.00233759966942441,6.17012449878719e-06,4.66695291067296e-06
101743,9,0.00199647226670857,0.0476020806965511,0.036005216605358,9.50362339482878e-05,7.18834164094321e-05
102802,9,0.00199647226670857,0.00839643827248195,0.00635089000922881,1.67632561501407e-05,1.26793757723419e-05
102928,9,0.00199647226670857,0.0154656350517807,0.0116978823578845,3.08767114679162e-05,2.3354497706736e-05
102510,9,0.00199647226670857,0.0433259068582281,0.0327708082971905,8.64989714724512e-05,6.54260099229639e-05
102797,9,0.00199647226670857,0.01221273781209,0.00923745903192428,2.43823923424207e-05,1.84423307720934e-05
103061,9,0.00199647226670857,0.0274982379991241,0.0207990911518261,5.4899469548603e-05,4.15248086573644e-05
102736,9,0.00199647226670857,0.00806593083000358,0.00610090110366026,1.61034072072918e-05,1.21802798553894e-05
102581,9,0.00199647226670857,0.0430155238609779,0.0325360411003981,8.58793004263833e-05,6.4957303725435e-05
102348,9,0.00199647226670857,0.107338700437862,0.0811887443332464,0.000214298738568731,0.000162091076430219
102806,9,0.00199647226670857,0.00539806989576966,0.00408298698300662,1.07770968406586e-05,8.15157027690481e-06
102538,9,0.00199647226670857,0.0263193061113055,0.0199073717697582,5.25457647302348e-05,3.97445156413794e-05
102972,9,0.00199647226670857,0.0100518637669203,0.00760301917310385,2.00682672393891e-05,1.51792169223554e-05
102636,9,0.00199647226670857,0.0253738204003299,0.0191922261853046,5.06581287297029e-05,3.83167473153586e-05
102008,9,0.00199647226670857,0.0254923014175901,0.0192818427446577,5.08946727947942e-05,3.8495664290745e-05
102728,9,0.00199647226670857,0.0123999257959193,0.00937904410142283,2.47561079607972e-05,1.87250014367273e-05
102740,9,0.00199647226670857,0.00345586878638949,0.00261394675175752,6.89954618941042e-06,5.21867219653684e-06
102797,9,0.00199647226670857,0.01221273781209,0.00923745903192428,2.43823923424207e-05,1.84423307720934e-05
102552,9,0.00199647226670857,0.00494697475603483,0.00374178806946934,9.87649790453094e-06,7.47037610859655e-06
102215,9,0.00199647226670857,0.0310364479647244,0.023475319046543,6.1963407618716e-05,4.68678234285586e-05
102792,9,0.00199647226670857,0.00624093205112149,0.00472051025988514,1.24598477584767e-05,9.42436781857396e-06
102467,9,0.00199647226670857,0.0328088589471041,0.0248159335827248,6.55019769902468e-05,4.9544323170392e-05
102683,9,0.00199647226670857,0.00450617491970063,0.0034083763077442,8.99645325612003e-06,6.80472877291787e-06
102150,9,0.00199647226670857,0.027914388351282,0.0211138585601114,5.57303021854673e-05,4.21532330584698e-05
102757,9,0.00199647226670857,0.00529731284836257,0.00400677646314437,1.05759381898349e-05,7.99941808756839e-06
103126,9,0.00199647226670857,0.127581417791181,0.0964999116671584,0.000254712762367452,0.000192659397383309
103024,9,0.00199647226670857,0.0286535130663559,0.0216729170103975,5.72059441807512e-05,4.32693777499351e-05
104484,9.1,0.00164688874882516,0.0143136904285814,0.011701691132809,2.35730557209971e-05,1.92713834688503e-05
104353,9.1,0.00164688874882516,0.00707466138396689,0.00578365885425933,1.16511802350029e-05,9.5250426941227e-06
104310,9.1,0.00164688874882516,0.00541883225168801,0.00442998970993126,8.92421386707589e-06,7.29570021069703e-06
104274,9.1,0.00164688874882516,0.0199634749792373,0.0163204883681244,3.28776223307584e-05,2.68780286687959e-05
104575,9.1,0.00164688874882516,0.0155156897531143,0.0126843465079346,2.55526148846657e-05,2.08897075501172e-05
104394,9.1,0.00164688874882516,0.00423912868055348,0.0034655615013874,6.98137332882556e-06,5.70739424499654e-06
103865,9.1,0.00164688874882516,0.0713946495925306,0.058366369053136,0.000117579045140253,9.61229165033867e-05
104271,9.1,0.00164688874882516,0.0182144341487875,0.0148906170376862,2.99971466658548e-05,2.45231896624296e-05
104545,9.1,0.00164688874882516,0.016135028631497,0.013190666823966,2.65725971151842e-05,2.17235607818909e-05
103756,9.1,0.00164688874882516,0.053547401693659,0.043775933167625,8.81866133781082e-05,7.20940918030837e-05
104361,9.1,0.00164688874882516,0.00410166422964759,0.00335318191945723,6.75498467126523e-06,5.52231757591806e-06
104695,9.1,0.00164688874882516,0.028487641963128,0.023289143286831,4.6915977029635e-05,3.83546280488589e-05
104577,9.1,0.00164688874882516,0.0489158436691601,0.0399895538452003,8.05589525780302e-05,6.58583462981982e-05
104397,9.1,0.00164688874882516,0.00429611772165768,0.00351215103469355,7.0752279394264e-06,5.78412202321145e-06
104137,9.1,0.00164688874882516,0.0105880441208303,0.00865591041113428,1.74373307346598e-05,1.42553214669356e-05
103365,9.1,0.00164688874882516,0.0361652660964871,0.0295657346865566,5.95601698325726e-05,4.86914758060398e-05
104354,9.1,0.00164688874882516,0.00318017228902799,0.00259984621443374,5.23738996212576e-06,4.28165747922662e-06
104280,9.1,0.00164688874882516,0.0438588962996129,0.0358554113269889,7.22307228517218e-05,5.90498734989162e-05
104516,9.1,0.00164688874882516,0.0200554964920902,0.0163957175570153,3.30291715249257e-05,2.70019227735636e-05
104365,9.1,0.00164688874882516,0.00197066045295364,0.001611049230327,3.24545852772404e-06,2.65321885122897e-06
104262,9.1,0.00164688874882516,0.011804874057469,0.00965069006986362,1.94413142665437e-05,1.58936128944571e-05
104341,9.1,0.00164688874882516,0.0195372628539223,0.0159720525351448,3.21756983769644e-05,2.63041936157744e-05
103364,9.1,0.00164688874882516,0.0576133435534817,0.0470999114278087,9.48827672804275e-05,7.75683142011196e-05
104407,9.1,0.00164688874882516,0.00501811210084938,0.00410239400991227,8.26427235923223e-06,6.75618653817224e-06
104025,9.1,0.00164688874882516,0.0372496501094153,0.0304522374967127,6.13460296628699e-05,5.01514473098877e-05
104449,9.1,0.00164688874882516,0.001805528284654,0.0014760508077207,2.97350421768227e-06,2.43089146792951e-06
104460,9.1,0.00164688874882516,0.00377555139574722,0.00308657899998041,6.21791311426722e-06,5.08325222742775e-06
104486,9.1,0.00164688874882516,0.0118210105335736,0.00966388192002202,1.9467889247486e-05,1.59153384040591e-05
103952,9.1,0.00164688874882516,0.107941054806192,0.0882436916037768,0.000177766908696637,0.000145327542857057
104260,9.1,0.00164688874882516,0.0113417297212245,0.00927206151144366,1.86785670701005e-05,1.52700537816114e-05
104076,9.1,0.00164688874882516,0.04885556546241,0.0399402753617128,8.0459681077534e-05,6.57771901181835e-05
104348,9.1,0.00164688874882516,0.0106232210814204,0.00868466818886252,1.74952632752735e-05,1.43026823275174e-05
104211,9.1,0.00164688874882516,0.0281655779006227,0.0230258503084604,4.6385573348694e-05,3.79210138051358e-05
104566,9.1,0.00164688874882516,0.0125559313217442,0.0102646924596353,2.0678222024802e-05,1.69048065219238e-05
103824,9.1,0.00164688874882516,0.0724974952852858,0.0592679646079764,0.000119395309303342,9.76077440786441e-05
104415,9.1,0.00164688874882516,0.00677164479749476,0.0055359375191706,1.11521456280345e-05,9.11707321452112e-06
104351,9.1,0.00164688874882516,0.00360029448570679,0.00294330342472495,5.92928448096778e-06,4.84729329455809e-06
103953,9.1,0.00164688874882516,0.116577765105365,0.0953043526421538,0.000191990609715208,0.000156955666080428
104471,9.1,0.00164688874882516,0.0187131687611465,0.0152983412664717,3.08185070875987e-05,2.51946661074398e-05
104422,9.1,0.00164688874882516,0.0210582889578061,0.0172155178567818,3.468065915412e-05,2.83520426635326e-05
104174,9.1,0.00164688874882516,0.0218826486302487,0.0178894462414565,3.60382878236509e-05,2.94619277377672e-05
104488,9.1,0.00164688874882516,0.0171812240829802,0.0140459498202617,2.8295564633304e-05,2.31321167255518e-05
104370,9.1,0.00164688874882516,0.00156066550895392,0.00127587122542072,2.5702424673757e-06,2.10121796609515e-06
104199,9.1,0.00164688874882516,0.0272278725160132,0.0222592598306923,4.48412769010679e-05,3.66585245723429e-05
104305,9.1,0.00164688874882516,0.0092071080591203,0.00752697113800164,1.51630826717827e-05,1.23960840799066e-05
104401,9.1,0.00164688874882516,0.00877367561374833,0.00717263256766667,1.44492676541238e-05,1.18125278751471e-05
103975,9.1,0.00164688874882516,0.102618479336095,0.0838923934886677,0.000169001219040162,0.0001381614389485
105884,9.2,0.00103751511605806,0.00272437231920507,0.00280370639071087,2.82657746294543e-06,2.90888776135112e-06
104947,9.2,0.00103751511605806,0.0254922200490797,0.026234556767875,2.64485636427986e-05,2.72187492097536e-05
105978,9.2,0.00103751511605806,0.00666583650016717,0.00685994651436102,6.91590613009501e-06,7.11729820399938e-06
105902,9.2,0.00103751511605806,0.0122637197101911,0.0126208408017382,1.27237945784224e-05,1.30943131091658e-05
105102,9.2,0.00103751511605806,0.0282090074860617,0.0290304574036192,2.92672716757841e-05,3.01195383823346e-05
106389,9.2,0.00103751511605806,0.0631563344108703,0.064995454972651,6.5525651626096e-05,6.74337670091966e-05
105977,9.2,0.00103751511605806,0.00266040883240381,0.00273788027896665,2.76021437851334e-06,2.84059217538517e-06
105978,9.2,0.00103751511605806,0.00666583650016717,0.00685994651436102,6.91590613009501e-06,7.11729820399938e-06
105867,9.2,0.00103751511605806,0.00390786380896648,0.00402166130451068,4.05446777329897e-06,4.17253439509562e-06
105892,9.2,0.00103751511605806,0.00787020192126838,0.00809938321105963,8.16545345974516e-06,8.40323251222126e-06
105223,9.2,0.00103751511605806,0.0368187277919113,0.0378908938695084,3.81999866381351e-05,3.93123751505667e-05
106077,9.2,0.00103751511605806,0.00711452992797135,0.00732170595235576,7.38143234391776e-06,7.5963806009014e-06
105766,9.2,0.00103751511605806,0.0156595366952269,0.0161155444131035,1.62470060317639e-05,1.67201209321e-05
105535,9.2,0.00103751511605806,0.0838432839373737,0.0862848111237567,8.69886744649734e-05,8.95217958271125e-05
105889,9.2,0.00103751511605806,0.00387124787618482,0.00398397911106814,4.01647818954942e-06,4.13343854979276e-06
106068,9.2,0.00103751511605806,0.0155186544133969,0.0159705596211497,1.61008385347805e-05,1.65696970188493e-05
106082,9.2,0.00103751511605806,0.0283448146055168,0.0291702192438185,2.9408173615087e-05,3.02645434041895e-05
105731,9.2,0.00103751511605806,0.0813536512758092,0.0837226800396369,8.44056429451684e-05,8.6863546098016e-05
105822,9.2,0.00103751511605806,0.0187609174392251,0.0193072377623123,1.94647354343134e-05,2.0031551027726e-05
105776,9.2,0.00103751511605806,0.00899697279039252,0.00925896579247125,9.33449526879533e-06,9.60631696875344e-06
105980,9.2,0.00103751511605806,0.00652020389244814,0.00671007306641876,6.76481009819557e-06,6.96180223626354e-06
105713,9.2,0.00103751511605806,0.0522077201306053,0.0537280156397025,5.41662988104318e-05,5.57436283819954e-05
105938,9.2,0.00103751511605806,0.00767838991132971,0.00790198561077969,7.9664455999923e-06,8.19842951805724e-06
104946,9.2,0.00103751511605806,0.0806211996456723,0.0829688993240479,8.364571330712e-05,8.60814872113993e-05
105627,9.2,0.00103751511605806,0.0921261992989214,0.0948089260434329,9.55823243576087e-05,9.83656939072926e-05
105884,9.2,0.00103751511605806,0.00272437231920507,0.00280370639071087,2.82657746294543e-06,2.90888776135112e-06
106050,9.2,0.00103751511605806,0.00588464384775733,0.00605600543167636,6.10540694466632e-06,6.28319717829396e-06
105928,9.2,0.00103751511605806,0.00494090849053629,0.00508478837976017,5.12626724599103e-06,5.27554480595756e-06
105892,9.2,0.00103751511605806,0.00787020192126838,0.00809938321105963,8.16545345974516e-06,8.40323251222126e-06
105944,9.2,0.00103751511605806,0.00668947470196595,0.00688427306362925,6.94043112177768e-06,7.1425373665867e-06
105894,9.2,0.00103751511605806,0.00799851547929942,0.00823143327636474,8.29858071579755e-06,8.54023645105176e-06
105168,9.2,0.00103751511605806,0.0395366178379044,0.0406879292223795,4.10198386446366e-05,4.22143416093193e-05
105861,9.2,0.00103751511605806,0.00959663113081752,0.00987608626071298,9.95664986145656e-06,1.02465887829831e-05
105950,9.2,0.00103751511605806,0.0281841575570331,0.0290048838414687,2.92414894987839e-05,3.0093005425032e-05
105943,9.2,0.00103751511605806,0.00463183420620143,0.00476671381260743,4.80559800400878e-06,4.94553763450297e-06
105828,9.2,0.00103751511605806,0.0153839704317315,0.0158319536246566,1.59611018679117e-05,1.64258912023114e-05
105156,9.2,0.00103751511605806,0.0274386297607726,0.0282376461801207,2.84679931407222e-05,2.92969847537744e-05
105858,9.2,0.00103751511605806,0.0626048852438206,0.0644279475350991,6.49535147795443e-05,6.68449694642611e-05
105751,9.2,0.00103751511605806,0.0460352842888812,0.0473758376742678,4.77623033217445e-05,4.91531477229659e-05
106017,9.2,0.00103751511605806,0.00313188055835205,0.00322308132207014,3.24937342097862e-06,3.34399559193218e-06
107471,9.3,0.000649160193463763,0.00459144912047152,0.00510569759660866,2.98058599932432e-06,3.31441563958195e-06
107031,9.3,0.000649160193463763,0.0490794932372005,0.0545764624825488,3.18604533249645e-05,3.54288669437391e-05
107179,9.3,0.000649160193463763,0.0151614672501216,0.0168595719714863,9.84222101328346e-06,1.09445630027263e-05
107573,9.3,0.000649160193463763,0.00900432339173198,0.0100128197207447,5.84524831498701e-06,6.4999239870364e-06
107388,9.3,0.000649160193463763,0.036997926535808,0.0411417440631422,2.40175811477432e-05,2.6707582535466e-05
106491,9.3,0.000649160193463763,0.0635558439696187,0.0706741839649946,4.12579239670704e-05,4.58788669356094e-05
107407,9.3,0.000649160193463763,0.00639547489045572,0.00711177667890991,4.15168771718087e-06,4.61668232475223e-06
107181,9.3,0.000649160193463763,0.0605028956037697,0.0672793012765233,3.9276071415261e-05,4.36750442327747e-05
107372,9.3,0.000649160193463763,0.00771439419304191,0.00857841671708669,5.00787762681081e-06,5.56876665567677e-06
107770,9.3,0.000649160193463763,0.0290026792089853,0.0322510182835961,1.88273848462723e-05,2.09360772683826e-05
107368,9.3,0.000649160193463763,0.0402930811311143,0.0448059604044923,2.61566643423252e-05,2.90862459245099e-05
107430,9.3,0.000649160193463763,0.0264939325475358,0.029461288622267,1.71988063781742e-05,1.91250958217226e-05
107076,9.3,0.000649160193463763,0.0234553386231162,0.0260823680919693,1.52262721583402e-05,1.69316351165758e-05
107215,9.3,0.000649160193463763,0.119010695023699,0.132340052913583,7.72570058058412e-05,8.59098943523861e-05
107158,9.3,0.000649160193463763,0.0124924357684375,0.013891605374503,8.10959202027253e-06,9.01787723243464e-06
107576,9.3,0.000649160193463763,0.00867974528486502,0.00965188842941149,5.63454512833916e-06,6.26562176012741e-06
107517,9.3,0.000649160193463763,0.0180660923809374,0.0200895190231335,1.17277880251435e-05,1.30413160556513e-05
107916,9.3,0.000649160193463763,0.0582579935677389,0.0647829671934818,3.7818770375244e-05,4.20545235164772e-05
107292,9.3,0.000649160193463763,0.00330193303406838,0.00367175397436928,2.14348348720022e-06,2.3835565203529e-06
107961,9.3,0.000649160193463763,0.105610674934138,0.117439212553459,6.85582461720836e-05,7.62368619414354e-05
107758,9.3,0.000649160193463763,0.00397515897168021,0.00442038212235719,2.58051496710514e-06,2.86953611373315e-06
107403,9.3,0.000649160193463763,0.00541199981633591,0.00601815107389778,3.51325484779846e-06,3.90674411542564e-06
107320,9.3,0.000649160193463763,0.0100467272214633,0.011171974181245,6.52193538676275e-06,7.25240092086916e-06
107477,9.3,0.000649160193463763,0.00361049207988298,0.00401487204826959,2.34378773707622e-06,2.60629511558694e-06
107696,9.3,0.000649160193463763,0.0292963125673162,0.0325775389729423,1.90179999339739e-05,2.11480415022485e-05
107541,9.3,0.000649160193463763,0.0107137992044017,0.0119137591233602,6.95497196426133e-06,7.73393817740116e-06
107493,9.3,0.000649160193463763,0.0209512833949833,0.0232978553107973,1.36007391820015e-05,1.51240402608479e-05
107488,9.3,0.000649160193463763,0.00868378794964405,0.00965638387808241,5.63716946538923e-06,6.26854002645634e-06
107158,9.3,0.000649160193463763,0.0124924357684375,0.013891605374503,8.10959202027253e-06,9.01787723243464e-06
106874,9.3,0.000649160193463763,0.0720432349736758,0.080112174175467,4.67676003532667e-05,5.20056344865488e-05
107419,9.3,0.000649160193463763,0.00416007955373199,0.00462601405828253,2.7005580479253e-06,3.00302418104077e-06
107431,9.3,0.000649160193463763,0.010862047101972,0.0120786109848242,7.05120859812866e-06,7.84095344368199e-06
107574,9.3,0.000649160193463763,0.00936425968208164,0.0104130693596608,6.07890462686503e-06,6.75975012006899e-06
108356,9.4,0.000388340102247988,0.0663388212463173,0.0734657713720365,2.57620246258058e-05,2.85297051663439e-05
108722,9.4,0.000388340102247988,0.0159375816291353,0.0176497969995845,6.18920207944405e-06,6.85412397147486e-06
109117,9.4,0.000388340102247988,0.00531797165947191,0.00588929502752389,2.06518165799122e-06,2.28704943315719e-06
108885,9.4,0.000388340102247988,0.00597679904470375,0.00661890193261743,2.32103075213593e-06,2.57038505328205e-06
108679,9.4,0.000388340102247988,0.0762187165662602,0.0844070892477271,2.95987841845519e-05,3.27786576689174e-05
108802,9.4,0.000388340102247988,0.00975823431889656,0.0108065865205076,3.78951371316011e-06,4.19663091432564e-06
108106,9.4,0.000388340102247988,0.0867286447994726,0.0960461260923946,3.36802107892566e-05,3.72985624272436e-05
108856,9.4,0.000388340102247988,0.00384279721783326,0.00425563880289942,1.49231226449165e-06,1.65263520784846e-06
108889,9.4,0.000388340102247988,0.00447916991465476,0.00496037865467497,1.73944130264314e-06,1.92631395394521e-06
108982,9.4,0.000388340102247988,0.00708166494544122,0.00784246641771662,2.75009448899863e-06,3.04554421053248e-06
108553,9.4,0.000388340102247988,0.08413752927245,0.0931766403624632,3.26739767205563e-05,3.61842260454829e-05
108787,9.4,0.000388340102247988,0.00959945211691428,0.0106307459383322,3.72785221660715e-06,4.12834496466432e-06
108446,9.4,0.000388340102247988,0.059917102366489,0.066354150722504,2.32682136594055e-05,2.57679776761556e-05
108254,9.4,0.000388340102247988,0.111715848138139,0.123717768928631,4.33837438886855e-05,4.80445710356376e-05
109355,9.4,0.000388340102247988,0.0525330792805232,0.0581768430518537,2.04007013792e-05,2.2592401179222e-05
108713,9.4,0.000388340102247988,0.0100908282754259,0.0111749119008966,3.91867328424579e-06,4.33966643020643e-06
108002,9.4,0.000388340102247988,0.0520905278531095,0.0576867471867791,2.02288409126282e-05,2.24020773008676e-05
108802,9.4,0.000388340102247988,0.00975823431889656,0.0108065865205076,3.78951371316011e-06,4.19663091432564e-06
108866,9.4,0.000388340102247988,0.00697602481888375,0.00772547710075895,2.70907019144981e-06,3.00011256722322e-06
108746,9.4,0.000388340102247988,0.0116778281702477,0.0129324072746465,4.53496898566842e-06,5.02217236334882e-06
108885,9.4,0.000388340102247988,0.00597679904470375,0.00661890193261743,2.32103075213593e-06,2.57038505328205e-06
108612,9.4,0.000388340102247988,0.0636731518170128,0.0705137222224206,2.47268382870704e-05,2.7383306097741e-05
108829,9.4,0.000388340102247988,0.00858874213304078,0.00951145278232358,3.33535299812666e-06,3.69367854601444e-06
109353,9.4,0.000388340102247988,0.0666730504581073,0.073835907687363,2.58918192320866e-05,2.86734439408835e-05
108837,9.4,0.000388340102247988,0.00553325517927556,0.00612770700936085,2.14878488208408e-06,2.3796343665609e-06
108830,9.4,0.000388340102247988,0.0187355306189846,0.0207483368430294,7.27575787624677e-06,8.05741125109774e-06
108804,9.4,0.000388340102247988,0.0328282053509563,0.0363550238541735,1.27485086226083e-05,1.41181136807578e-05
108667,9.4,0.000388340102247988,0.0108039242538326,0.011964617613656,4.19559704941285e-06,4.64634082744523e-06
109884,9.5,0.000218632581865628,0.14490410440496,0.103229033592721,3.16807584689828e-05,2.25692301378703e-05
110183,9.5,0.000218632581865628,0.0217287668709403,0.0154794759917921,4.75061640174998e-06,3.3843178020125e-06
110022,9.5,0.000218632581865628,0.0121806719111355,0.00867745599795094,2.66309174878968e-06,1.89717460885739e-06
110124,9.5,0.000218632581865628,0.0237306448141935,0.0169056048533673,5.18829214506329e-06,3.69611603709177e-06
109533,9.5,0.000218632581865628,0.121125791723404,0.086289470364597,2.6482044575006e-05,1.88656896936294e-05
109843,9.5,0.000218632581865628,0.104905410996919,0.0747341439383584,2.29357408579311e-05,1.63393188427607e-05
110041,9.5,0.000218632581865628,0.00440595459767649,0.00313878227976533,9.63285229272743e-07,6.86240073739174e-07
109533,9.5,0.000218632581865628,0.121125791723404,0.086289470364597,2.6482044575006e-05,1.88656896936294e-05
109649,9.5,0.000218632581865628,0.0543477530054004,0.0387170953074217,1.18821895581661e-05,8.46481850939918e-06
110273,9.5,0.000218632581865628,0.0250470697594187,0.0178434200757241,5.47610552967021e-06,3.90115300046853e-06
110043,9.5,0.000218632581865628,0.00543707465933086,0.00387334758362434,1.18872167056568e-06,8.4683998267078e-07
110650,9.5,0.000218632581865628,0.0281961504121725,0.0200868109984603,6.16459716328485e-06,4.39163135004026e-06
110148,9.5,0.000218632581865628,0.0155316363222853,0.0110646680040365,3.3957217497392e-06,2.41909693320851e-06
109897,9.5,0.000218632581865628,0.0303133141482766,0.0215950689414154,6.62747813714157e-06,4.72138567822788e-06
109380,9.5,0.000218632581865628,0.131245419973924,0.0934986481094828,2.86945250269377e-05,2.0441850837122e-05
110123,9.5,0.000218632581865628,0.0197337509249925,0.0140582355862981,4.31444091462434e-06,3.07358834270759e-06
109416,9.5,0.000218632581865628,0.161194489958187,0.114834231143323,3.52423675220715e-05,2.5106504441419e-05
110147,9.5,0.000218632581865628,0.00768408422066901,0.00547410710967821,1.6799911724378e-06,1.19681817079794e-06
109927,9.5,0.000218632581865628,0.0509444462737965,0.0362925948671772,1.11381158205549e-05,7.93474371841417e-06
110274,9.5,0.000218632581865628,0.00510325133268132,0.00363553334404674,1.11573701477332e-06,7.94846041467519e-07
110643,9.5,0.000218632581865628,0.18631604605771,0.132730714953414,4.07347581925924e-05,2.90192589031356e-05
110304,9.5,0.000218632581865628,0.0106616232570348,0.00759529255484442,2.33097821956414e-06,1.66057842129041e-06
110210,9.5,0.000218632581865628,0.0107553636931673,0.00766207282080204,2.35147293314099e-06,1.6751787632544e-06
109374,9.5,0.000218632581865628,0.107096016149953,0.0762947212171016,2.34146785183873e-05,1.66805118824132e-05
111386,9.6,0.000147286665761077,0.0149247105301496,0.0214005704516662,2.19821085143498e-06,3.15201866721094e-06
111248,9.6,0.000147286665761077,0.00773958456078659,0.0110978048334771,1.13993760433417e-06,1.63455867119001e-06
111170,9.6,0.000147286665761077,0.00854510227428574,0.0122528381952954,1.25857962256695e-06,1.80467968389503e-06
111093,9.6,0.000147286665761077,0.0163044442839902,0.0233789732718722,2.40142723567617e-06,3.4434110221314e-06
111219,9.6,0.000147286665761077,0.0205125502393107,0.0294129843023032,3.02122513100466e-06,4.33214038796915e-06
111227,9.6,0.000147286665761077,0.0230588877791794,0.0330641824816984,3.39626669715419e-06,4.86991319384518e-06
111482,9.6,0.000147286665761077,0.00763465896116863,0.0109473518191777,1.12448346261346e-06,1.61239894836014e-06
111356,9.6,0.000147286665761077,0.0094227778789919,0.0135113388927983,1.38784953600395e-06,1.99004005548823e-06
111171,9.6,0.000147286665761077,0.00838726715395966,0.0120265181199102,1.23533261395412e-06,1.77134575459675e-06
111377,9.6,0.000147286665761077,0.0124975398943319,0.0179202459197363,1.8407209812522e-06,2.6394132711365e-06
111661,9.6,0.000147286665761077,0.0183101680944602,0.0262549844096317,2.6968436081579e-06,3.86700911330372e-06
111668,9.6,0.000147286665761077,0.0859002332996951,0.123172505813837,1.26519589508108e-05,1.81416676947569e-05
111368,9.6,0.000147286665761077,0.0182051231233324,0.0261043602283002,2.68137188460552e-06,3.84482417985241e-06
111800,9.6,0.000147286665761077,0.0178662755650319,0.0256184860782364,2.63146415754215e-06,3.77326139631001e-06
110787,9.6,0.000147286665761077,0.11747549538716,0.168448333406443,1.73025740242056e-05,2.48101933804453e-05
111192,9.6,0.000147286665761077,0.0621650283532128,0.0891385508760964,9.15607975308755e-06,1.31289199493144e-05
111388,9.6,0.000147286665761077,0.0182356927451272,0.0261481940663889,2.68587438227325e-06,3.85128031971201e-06
110911,9.6,0.000147286665761077,0.107633464765002,0.154335827218034,1.58529741495495e-05,2.27316093984219e-05
111371,9.6,0.000147286665761077,0.0276210454402004,0.0396058689176971,4.06821168772232e-06,5.8334163774579e-06
111458,9.6,0.000147286665761077,0.0287442138774458,0.0412163822487129,4.23363942193227e-06,6.07062351614698e-06
111796,9.6,0.000147286665761077,0.0586260447606705,0.0840639956579904,8.63483465955884e-06,1.23815056310191e-05
111181,9.6,0.000147286665761077,0.00758748067823469,0.0108797027906972,1.11753473062379e-06,1.60243514851328e-06
